-- phpMyAdmin SQL Dump
-- version 5.0.2
-- https://www.phpmyadmin.net/
--
-- Host: 127.0.0.1:3306
-- Generation Time: Nov 10, 2021 at 01:11 PM
-- Server version: 5.7.31
-- PHP Version: 7.3.21

SET SQL_MODE = "NO_AUTO_VALUE_ON_ZERO";
START TRANSACTION;
SET time_zone = "+00:00";


/*!40101 SET @OLD_CHARACTER_SET_CLIENT=@@CHARACTER_SET_CLIENT */;
/*!40101 SET @OLD_CHARACTER_SET_RESULTS=@@CHARACTER_SET_RESULTS */;
/*!40101 SET @OLD_COLLATION_CONNECTION=@@COLLATION_CONNECTION */;
/*!40101 SET NAMES utf8mb4 */;

--
-- Database: `healthify`
--

-- --------------------------------------------------------

--
-- Table structure for table `auth_assignment`
--

DROP TABLE IF EXISTS `auth_assignment`;
CREATE TABLE IF NOT EXISTS `auth_assignment` (
  `item_name` varchar(64) COLLATE utf8_unicode_ci NOT NULL,
  `user_id` varchar(64) COLLATE utf8_unicode_ci NOT NULL,
  `created_at` int(11) DEFAULT NULL,
  PRIMARY KEY (`item_name`,`user_id`),
  KEY `idx-auth_assignment-user_id` (`user_id`)
) ENGINE=InnoDB DEFAULT CHARSET=utf8 COLLATE=utf8_unicode_ci;

--
-- Dumping data for table `auth_assignment`
--

INSERT INTO `auth_assignment` (`item_name`, `user_id`, `created_at`) VALUES
('admin', '1', 1636111142),
('admin', '5', 1636112894),
('chef', '3', 1636111142),
('chef', '7', 1636545246),
('client', '12', 1636548290),
('client', '13', 1636548310),
('client', '4', 1636111142),
('staff', '14', 1636549589),
('staff', '2', 1636111142);

-- --------------------------------------------------------

--
-- Table structure for table `auth_item`
--

DROP TABLE IF EXISTS `auth_item`;
CREATE TABLE IF NOT EXISTS `auth_item` (
  `name` varchar(64) COLLATE utf8_unicode_ci NOT NULL,
  `type` smallint(6) NOT NULL,
  `description` text COLLATE utf8_unicode_ci,
  `rule_name` varchar(64) COLLATE utf8_unicode_ci DEFAULT NULL,
  `data` blob,
  `created_at` int(11) DEFAULT NULL,
  `updated_at` int(11) DEFAULT NULL,
  PRIMARY KEY (`name`),
  KEY `rule_name` (`rule_name`),
  KEY `idx-auth_item-type` (`type`)
) ENGINE=InnoDB DEFAULT CHARSET=utf8 COLLATE=utf8_unicode_ci;

--
-- Dumping data for table `auth_item`
--

INSERT INTO `auth_item` (`name`, `type`, `description`, `rule_name`, `data`, `created_at`, `updated_at`) VALUES
('accessBackend', 2, 'Access the Back-Office', NULL, NULL, 1636111142, 1636111142),
('admin', 1, NULL, NULL, NULL, 1636111142, 1636111142),
('chef', 1, NULL, NULL, NULL, 1636111142, 1636111142),
('client', 1, NULL, NULL, NULL, 1636111142, 1636111142),
('createPost', 2, 'Create a post', NULL, NULL, 1636111142, 1636111142),
('staff', 1, NULL, NULL, NULL, 1636111142, 1636111142),
('updatePost', 2, 'Update post', NULL, NULL, 1636111142, 1636111142);

-- --------------------------------------------------------

--
-- Table structure for table `auth_item_child`
--

DROP TABLE IF EXISTS `auth_item_child`;
CREATE TABLE IF NOT EXISTS `auth_item_child` (
  `parent` varchar(64) COLLATE utf8_unicode_ci NOT NULL,
  `child` varchar(64) COLLATE utf8_unicode_ci NOT NULL,
  PRIMARY KEY (`parent`,`child`),
  KEY `child` (`child`)
) ENGINE=InnoDB DEFAULT CHARSET=utf8 COLLATE=utf8_unicode_ci;

--
-- Dumping data for table `auth_item_child`
--

INSERT INTO `auth_item_child` (`parent`, `child`) VALUES
('admin', 'accessBackend'),
('chef', 'accessBackend'),
('staff', 'accessBackend'),
('client', 'createPost'),
('admin', 'staff'),
('admin', 'updatePost');

-- --------------------------------------------------------

--
-- Table structure for table `auth_rule`
--

DROP TABLE IF EXISTS `auth_rule`;
CREATE TABLE IF NOT EXISTS `auth_rule` (
  `name` varchar(64) COLLATE utf8_unicode_ci NOT NULL,
  `data` blob,
  `created_at` int(11) DEFAULT NULL,
  `updated_at` int(11) DEFAULT NULL,
  PRIMARY KEY (`name`)
) ENGINE=InnoDB DEFAULT CHARSET=utf8 COLLATE=utf8_unicode_ci;

-- --------------------------------------------------------

--
-- Table structure for table `migration`
--

DROP TABLE IF EXISTS `migration`;
CREATE TABLE IF NOT EXISTS `migration` (
  `version` varchar(180) NOT NULL,
  `apply_time` int(11) DEFAULT NULL,
  PRIMARY KEY (`version`)
) ENGINE=MyISAM DEFAULT CHARSET=latin1;

--
-- Dumping data for table `migration`
--

INSERT INTO `migration` (`version`, `apply_time`) VALUES
('m000000_000000_base', 1634117830),
('m130524_201442_init', 1634117833),
('m190124_110200_add_verification_token_column_to_user_table', 1634117833),
('m140506_102106_rbac_init', 1634117983),
('m170907_052038_rbac_add_index_on_auth_assignment_user_id', 1634117983),
('m180523_151638_rbac_updates_indexes_without_prefix', 1634117983),
('m200409_110543_rbac_update_mssql_trigger', 1634117983);

-- --------------------------------------------------------

--
-- Table structure for table `user`
--

DROP TABLE IF EXISTS `user`;
CREATE TABLE IF NOT EXISTS `user` (
  `id` int(11) NOT NULL AUTO_INCREMENT,
  `username` varchar(255) COLLATE utf8_unicode_ci NOT NULL,
  `auth_key` varchar(32) COLLATE utf8_unicode_ci NOT NULL,
  `password_hash` varchar(255) COLLATE utf8_unicode_ci NOT NULL,
  `password_reset_token` varchar(255) COLLATE utf8_unicode_ci DEFAULT NULL,
  `email` varchar(255) COLLATE utf8_unicode_ci NOT NULL,
  `status` smallint(6) NOT NULL DEFAULT '10',
  `created_at` int(11) NOT NULL,
  `updated_at` int(11) NOT NULL,
  `verification_token` varchar(255) COLLATE utf8_unicode_ci DEFAULT NULL,
  PRIMARY KEY (`id`),
  UNIQUE KEY `username` (`username`),
  UNIQUE KEY `email` (`email`),
  UNIQUE KEY `password_reset_token` (`password_reset_token`)
) ENGINE=InnoDB AUTO_INCREMENT=15 DEFAULT CHARSET=utf8 COLLATE=utf8_unicode_ci;

--
-- Dumping data for table `user`
--

INSERT INTO `user` (`id`, `username`, `auth_key`, `password_hash`, `password_reset_token`, `email`, `status`, `created_at`, `updated_at`, `verification_token`) VALUES
(2, 'testeuser', 'IA_ROg-7282xyzU7Eb0x9Ip0z6PhW9ZK', '$2y$13$DpRGCCjE5qk2RqGRWrsL1.8UF9LpQSJx5duJTPnQD9rb7Y3zN3NNG', NULL, 'tiago.gil277@gmail.com', 10, 1634293795, 1634293795, '0HHcgxm6BfuNjOH9vwHra6rj9MLPdlOW_1634293795'),
(5, 'admin', 'GmkIltBSetHrfbFpRL2669P7WqWGshGG', '$2y$13$osVyRKNcEjuJECi0Oja/SOEQ1w5nl43EO/xVEhjnvFE/uEJGETPGC', NULL, 'admin@hoje.pt', 10, 1636112894, 1636112894, 'ewMU_207-OoIxy63axz_h5Yl2rh2NK-C_1636112894'),
(7, 'chef', '7-CrwoMKmTQM0YZjZBVtcIxQAeG3XNm1', '$2y$13$Z1yHcGXuP2tuDKh9rxTZjOgHDRWw2DDrZpVKDsd60Wc0AbLHaWadS', NULL, 'chef@chef.pt', 10, 1636544887, 1636544887, 'Dqo0MNf0NGA4IQJFh02urwx8vsGMpus-_1636544887'),
(12, 'cliente', 'L0EfRqBnwlBnYFnIc6LRLYLAA81SfGLg', '$2y$13$E8iiaXfwDnMNi/OxJlcS.uTIrYwFDbgNZ/LTIQ0UzXae52OND8Wuq', NULL, 'cliente@cliente.pt', 10, 1636548290, 1636548290, '0MUmIqzD5ZnmVHkfqVGiKv4AF0vZgNij_1636548290'),
(13, 'clientegiro', '3yw9R5FVIpcvyZbD8hiYaQjcAXmA5_uy', '$2y$13$PKkV6BiJrXOyTCSZ/XYwXO4/cmW6X97dC/Dc.X7Ufo01bGZESCjW2', NULL, 'sougiro@lindo.pt', 10, 1636548310, 1636548310, 'ejkN73mJJyH1tyI0t-7eORhmiJwZk5lT_1636548310'),
(14, 'pedro', 'ufPowaDlv0QRwXhURfWGDAbRc2kqBevQ', '$2y$13$EhFGyTQuwLmLjgRkKNXTW.sZu76lx0bq/8McxgIrxzxKCRUBlHduW', NULL, 'pedro.eu@leiria.pt', 10, 1636548349, 1636548349, 'IGsndb9xJPdO3fyImare8S8vLxLfsOcj_1636548349');

--
-- Constraints for dumped tables
--

--
-- Constraints for table `auth_assignment`
--
ALTER TABLE `auth_assignment`
  ADD CONSTRAINT `auth_assignment_ibfk_1` FOREIGN KEY (`item_name`) REFERENCES `auth_item` (`name`) ON DELETE CASCADE ON UPDATE CASCADE;

--
-- Constraints for table `auth_item`
--
ALTER TABLE `auth_item`
  ADD CONSTRAINT `auth_item_ibfk_1` FOREIGN KEY (`rule_name`) REFERENCES `auth_rule` (`name`) ON DELETE SET NULL ON UPDATE CASCADE;

--
-- Constraints for table `auth_item_child`
--
ALTER TABLE `auth_item_child`
  ADD CONSTRAINT `auth_item_child_ibfk_1` FOREIGN KEY (`parent`) REFERENCES `auth_item` (`name`) ON DELETE CASCADE ON UPDATE CASCADE,
  ADD CONSTRAINT `auth_item_child_ibfk_2` FOREIGN KEY (`child`) REFERENCES `auth_item` (`name`) ON DELETE CASCADE ON UPDATE CASCADE;
COMMIT;

/*!40101 SET CHARACTER_SET_CLIENT=@OLD_CHARACTER_SET_CLIENT */;
/*!40101 SET CHARACTER_SET_RESULTS=@OLD_CHARACTER_SET_RESULTS */;
/*!40101 SET COLLATION_CONNECTION=@OLD_COLLATION_CONNECTION */;
